turn,sector,cash_history_npp_cohort,cash_negative,cash_negative_share,decision_observations,decision_cash_negative,first_constraint,first_constraint_count
233,agriculture,27,0,0,27,0,growth_unaffordable,24
233,automobiles,25,1,0.04,25,0,growth_unaffordable,21
233,chemical_industries,25,1,0.04,25,1,growth_unaffordable,19
233,construction,20,2,0.1,22,3,growth_unaffordable,16
233,defense,26,2,0.07692307692307693,26,2,growth_unaffordable,23
233,energy,26,0,0,26,0,growth_unaffordable,23
233,entertainment,21,0,0,23,2,growth_unaffordable,15
233,extraction,128,4,0.03125,130,4,growth_unaffordable,102
233,financial,59,0,0,59,0,growth_unaffordable,57
233,healthcare,23,1,0.043478260869565216,26,3,growth_unaffordable,24
233,logistics,23,0,0,25,0,growth_unaffordable,23
233,manufacturing,24,1,0.041666666666666664,24,1,growth_unaffordable,16
233,media,25,0,0,25,0,growth_unaffordable,22
233,real_estate,23,0,0,24,1,growth_unaffordable,17
233,retail,25,0,0,25,0,growth_unaffordable,20
233,technology,24,0,0,25,1,growth_unaffordable,22
233,telecommunications,22,0,0,24,1,growth_unaffordable,20
234,agriculture,27,0,0,27,0,growth_unaffordable,23
234,automobiles,25,1,0.04,25,1,growth_unaffordable,17
234,chemical_industries,25,1,0.04,25,1,growth_unaffordable,20
234,construction,20,2,0.1,22,3,growth_unaffordable,15
234,defense,26,2,0.07692307692307693,26,1,growth_unaffordable,20
234,energy,26,0,0,26,0,growth_unaffordable,24
234,entertainment,21,0,0,23,2,growth_unaffordable,20
234,extraction,128,4,0.03125,130,5,growth_unaffordable,92
234,financial,59,0,0,59,0,growth_unaffordable,57
234,healthcare,23,1,0.043478260869565216,25,2,growth_unaffordable,22
234,logistics,23,0,0,25,0,growth_unaffordable,25
234,manufacturing,24,1,0.041666666666666664,24,1,growth_unaffordable,13
234,media,25,0,0,25,0,growth_unaffordable,23
234,real_estate,23,1,0.043478260869565216,24,1,growth_unaffordable,17
234,retail,25,0,0,25,0,growth_unaffordable,21
234,technology,24,0,0,25,1,growth_unaffordable,24
234,telecommunications,22,0,0,24,1,growth_unaffordable,22
235,agriculture,27,0,0,27,0,growth_unaffordable,25
235,automobiles,25,1,0.04,25,1,growth_unaffordable,19
235,chemical_industries,25,1,0.04,25,1,growth_unaffordable,23
235,construction,20,2,0.1,22,3,growth_unaffordable,16
235,defense,26,2,0.07692307692307693,26,2,growth_unaffordable,23
235,energy,26,0,0,26,0,growth_unaffordable,22
235,entertainment,21,0,0,23,2,growth_unaffordable,23
235,extraction,128,6,0.046875,130,5,growth_unaffordable,100
235,financial,59,0,0,59,0,growth_unaffordable,54
235,healthcare,23,0,0,25,1,growth_unaffordable,22
235,logistics,23,0,0,25,0,growth_unaffordable,23
235,manufacturing,24,1,0.041666666666666664,24,1,growth_unaffordable,16
235,media,25,0,0,25,0,growth_unaffordable,23
235,real_estate,23,1,0.043478260869565216,24,2,growth_unaffordable,21
235,retail,25,0,0,25,0,growth_unaffordable,21
235,technology,24,0,0,25,1,growth_unaffordable,24
235,telecommunications,22,0,0,24,1,growth_unaffordable,20
236,agriculture,27,0,0,27,0,growth_unaffordable,26
236,automobiles,25,1,0.04,25,1,growth_unaffordable,21
236,chemical_industries,25,1,0.04,25,1,growth_unaffordable,22
236,construction,20,2,0.1,22,3,growth_unaffordable,17
236,defense,26,2,0.07692307692307693,26,2,growth_unaffordable,24
236,energy,26,1,0.038461538461538464,26,0,growth_unaffordable,22
236,entertainment,21,0,0,23,2,growth_unaffordable,22
236,extraction,128,4,0.03125,130,5,growth_unaffordable,101
236,financial,59,0,0,59,0,growth_unaffordable,53
236,healthcare,23,0,0,25,1,growth_unaffordable,24
236,logistics,23,0,0,25,0,growth_unaffordable,23
236,manufacturing,24,1,0.041666666666666664,24,1,growth_unaffordable,18
236,media,25,0,0,25,0,growth_unaffordable,23
236,real_estate,23,1,0.043478260869565216,24,2,growth_unaffordable,21
236,retail,25,0,0,25,0,growth_unaffordable,23
236,technology,24,0,0,25,1,growth_unaffordable,21
236,telecommunications,22,1,0.045454545454545456,24,1,growth_unaffordable,20
237,agriculture,27,0,0,27,0,growth_unaffordable,24
237,automobiles,25,1,0.04,25,1,growth_unaffordable,23
237,chemical_industries,25,1,0.04,25,1,growth_unaffordable,22
237,construction,20,2,0.1,22,3,growth_unaffordable,14
237,defense,26,2,0.07692307692307693,26,2,growth_unaffordable,25
237,energy,26,1,0.038461538461538464,26,1,growth_unaffordable,23
237,entertainment,21,0,0,23,2,growth_unaffordable,20
237,extraction,128,4,0.03125,130,5,growth_unaffordable,101
237,financial,59,0,0,59,0,growth_unaffordable,57
237,healthcare,23,0,0,25,1,growth_unaffordable,21
237,logistics,23,0,0,25,0,growth_unaffordable,24
237,manufacturing,24,1,0.041666666666666664,24,1,growth_unaffordable,17
237,media,25,0,0,25,0,growth_unaffordable,25
237,real_estate,23,1,0.043478260869565216,24,2,growth_unaffordable,23
237,retail,25,1,0.04,25,0,growth_unaffordable,25
237,technology,24,0,0,25,1,growth_unaffordable,22
237,telecommunications,22,0,0,24,2,growth_unaffordable,21
238,agriculture,27,0,0,27,0,growth_unaffordable,23
238,automobiles,25,1,0.04,25,1,growth_unaffordable,22
238,chemical_industries,25,1,0.04,25,1,growth_unaffordable,22
238,construction,20,2,0.1,22,3,growth_unaffordable,16
238,defense,26,2,0.07692307692307693,26,2,growth_unaffordable,25
238,energy,26,2,0.07692307692307693,26,1,growth_unaffordable,20
238,entertainment,21,0,0,23,2,growth_unaffordable,22
238,extraction,128,5,0.0390625,130,5,growth_unaffordable,94
238,financial,59,0,0,59,0,growth_unaffordable,57
238,healthcare,23,0,0,25,1,growth_unaffordable,19
238,logistics,23,0,0,25,0,growth_unaffordable,23
238,manufacturing,24,1,0.041666666666666664,24,1,growth_unaffordable,21
238,media,25,0,0,25,0,growth_unaffordable,22
238,real_estate,23,1,0.043478260869565216,24,2,growth_unaffordable,22
238,retail,25,1,0.04,25,1,growth_unaffordable,22
238,technology,24,0,0,25,1,growth_unaffordable,21
238,telecommunications,22,0,0,24,1,growth_unaffordable,22
239,agriculture,27,0,0,27,0,growth_unaffordable,24
239,automobiles,25,1,0.04,25,1,growth_unaffordable,23
239,chemical_industries,25,1,0.04,25,1,growth_unaffordable,22
239,construction,20,2,0.1,22,3,growth_unaffordable,17
239,defense,26,2,0.07692307692307693,26,2,growth_unaffordable,20
239,energy,26,1,0.038461538461538464,26,1,growth_unaffordable,20
239,entertainment,21,0,0,23,2,growth_unaffordable,17
239,extraction,128,4,0.03125,130,5,growth_unaffordable,100
239,financial,59,1,0.01694915254237288,59,0,growth_unaffordable,57
239,healthcare,23,0,0,25,1,growth_unaffordable,19
239,logistics,23,0,0,25,0,growth_unaffordable,24
239,manufacturing,24,1,0.041666666666666664,24,1,growth_unaffordable,17
239,media,25,0,0,25,0,growth_unaffordable,22
239,real_estate,23,1,0.043478260869565216,23,1,growth_unaffordable,21
239,retail,25,2,0.08,25,1,growth_unaffordable,23
239,technology,24,0,0,25,1,growth_unaffordable,24
239,telecommunications,22,0,0,24,1,growth_unaffordable,21
240,agriculture,27,0,0,27,0,growth_unaffordable,23
240,automobiles,25,0,0,25,1,growth_unaffordable,22
240,chemical_industries,25,0,0,25,1,growth_unaffordable,19
240,construction,20,0,0,22,3,growth_unaffordable,17
240,defense,26,0,0,26,2,growth_unaffordable,21
240,energy,26,0,0,26,1,growth_unaffordable,21
240,entertainment,21,0,0,23,2,growth_unaffordable,20
240,extraction,128,3,0.0234375,130,5,growth_unaffordable,102
240,financial,59,0,0,59,1,growth_unaffordable,57
240,healthcare,23,0,0,25,1,growth_unaffordable,23
240,logistics,23,0,0,25,0,growth_unaffordable,23
240,manufacturing,24,1,0.041666666666666664,24,1,growth_unaffordable,18
240,media,25,0,0,25,0,growth_unaffordable,21
240,real_estate,23,0,0,23,1,growth_unaffordable,19
240,retail,25,0,0,25,2,growth_unaffordable,21
240,technology,24,0,0,25,1,growth_unaffordable,22
240,telecommunications,22,0,0,24,1,growth_unaffordable,18
241,agriculture,27,0,0,27,0,growth_unaffordable,23
241,automobiles,25,0,0,25,0,growth_unaffordable,20
241,chemical_industries,25,0,0,25,0,growth_unaffordable,20
241,construction,20,0,0,22,0,growth_unaffordable,14
241,defense,26,1,0.038461538461538464,26,0,growth_unaffordable,21
241,energy,26,0,0,26,0,growth_unaffordable,19
241,entertainment,21,0,0,23,2,growth_unaffordable,19
241,extraction,128,3,0.0234375,130,4,growth_unaffordable,99
241,financial,59,0,0,59,0,growth_unaffordable,50
241,healthcare,23,0,0,25,1,growth_unaffordable,22
241,logistics,23,0,0,25,0,growth_unaffordable,24
241,manufacturing,24,1,0.041666666666666664,24,1,growth_unaffordable,12
241,media,25,0,0,25,0,growth_unaffordable,21
241,real_estate,23,0,0,23,0,growth_unaffordable,18
241,retail,25,0,0,25,0,growth_unaffordable,22
241,technology,24,0,0,25,0,growth_unaffordable,22
241,telecommunications,22,0,0,24,1,growth_unaffordable,19
242,agriculture,27,0,0,27,0,growth_unaffordable,23
242,automobiles,25,0,0,25,0,growth_unaffordable,20
242,chemical_industries,25,0,0,25,0,growth_unaffordable,23
242,construction,20,0,0,22,0,growth_unaffordable,14
242,defense,26,3,0.11538461538461539,26,1,growth_unaffordable,22
242,energy,26,0,0,26,0,growth_unaffordable,22
242,entertainment,21,0,0,23,2,growth_unaffordable,19
242,extraction,129,4,0.031007751937984496,130,3,growth_unaffordable,97
242,financial,59,0,0,59,0,growth_unaffordable,52
242,healthcare,23,0,0,25,1,growth_unaffordable,24
242,logistics,23,0,0,25,0,growth_unaffordable,24
242,manufacturing,24,0,0,24,0,growth_unaffordable,15
242,media,25,0,0,25,0,growth_unaffordable,23
242,real_estate,23,0,0,23,0,growth_unaffordable,18
242,retail,25,0,0,25,0,growth_unaffordable,21
242,technology,24,0,0,25,0,growth_unaffordable,22
242,telecommunications,22,0,0,24,1,growth_unaffordable,18
243,agriculture,27,0,0,27,0,growth_unaffordable,25
243,automobiles,25,0,0,25,0,growth_unaffordable,20
243,chemical_industries,25,0,0,25,0,growth_unaffordable,23
243,construction,20,0,0,22,0,growth_unaffordable,14
243,defense,26,1,0.038461538461538464,26,2,growth_unaffordable,23
243,energy,26,0,0,26,0,growth_unaffordable,20
243,entertainment,21,0,0,23,2,growth_unaffordable,20
243,extraction,129,4,0.031007751937984496,130,4,growth_unaffordable,92
243,financial,59,0,0,59,0,growth_unaffordable,53
243,healthcare,23,0,0,25,1,growth_unaffordable,22
243,logistics,23,0,0,25,0,growth_unaffordable,23
243,manufacturing,24,0,0,24,0,growth_unaffordable,17
243,media,25,0,0,25,0,growth_unaffordable,22
243,real_estate,23,0,0,23,0,growth_unaffordable,19
243,retail,25,1,0.04,25,0,growth_unaffordable,22
243,technology,24,0,0,25,0,growth_unaffordable,21
243,telecommunications,22,0,0,24,1,growth_unaffordable,20
244,agriculture,27,0,0,27,0,growth_unaffordable,25
244,automobiles,25,0,0,25,0,growth_unaffordable,21
244,chemical_industries,25,0,0,25,0,growth_unaffordable,23
244,construction,20,0,0,22,0,growth_unaffordable,13
244,defense,26,1,0.038461538461538464,26,1,growth_unaffordable,23
244,energy,26,0,0,26,0,growth_unaffordable,22
244,entertainment,21,0,0,23,2,growth_unaffordable,22
244,extraction,129,4,0.031007751937984496,130,4,growth_unaffordable,88
244,financial,59,0,0,59,0,growth_unaffordable,56
244,healthcare,23,0,0,24,1,growth_unaffordable,22
244,logistics,23,0,0,25,0,growth_unaffordable,23
244,manufacturing,24,0,0,24,0,growth_unaffordable,18
244,media,25,0,0,25,0,growth_unaffordable,22
244,real_estate,23,0,0,23,0,growth_unaffordable,20
244,retail,25,0,0,25,0,growth_unaffordable,22
244,technology,24,0,0,25,0,growth_unaffordable,22
244,telecommunications,22,0,0,24,1,growth_unaffordable,22
245,agriculture,27,0,0,27,0,growth_unaffordable,23
245,automobiles,25,0,0,25,0,growth_unaffordable,22
245,chemical_industries,25,0,0,25,0,growth_unaffordable,22
245,construction,20,0,0,22,0,growth_unaffordable,15
245,defense,26,1,0.038461538461538464,26,1,growth_unaffordable,24
245,energy,26,0,0,26,0,growth_unaffordable,20
245,entertainment,21,0,0,23,2,growth_unaffordable,21
245,extraction,129,4,0.031007751937984496,130,4,growth_unaffordable,95
245,financial,59,0,0,59,0,growth_unaffordable,56
245,healthcare,23,0,0,24,1,growth_unaffordable,22
245,logistics,23,0,0,25,0,growth_unaffordable,22
245,manufacturing,24,0,0,24,0,growth_unaffordable,18
245,media,25,0,0,25,0,growth_unaffordable,23
245,real_estate,23,0,0,23,0,growth_unaffordable,21
245,retail,25,1,0.04,25,0,growth_unaffordable,23
245,technology,24,0,0,25,0,growth_unaffordable,21
245,telecommunications,22,0,0,24,1,growth_unaffordable,23
246,agriculture,27,0,0,27,0,growth_unaffordable,24
246,automobiles,25,0,0,25,0,growth_unaffordable,21
246,chemical_industries,25,0,0,25,0,growth_unaffordable,23
246,construction,20,0,0,22,0,growth_unaffordable,18
246,defense,26,0,0,26,0,growth_unaffordable,23
246,energy,26,0,0,26,0,growth_unaffordable,20
246,entertainment,21,0,0,23,2,growth_unaffordable,22
246,extraction,129,3,0.023255813953488372,130,3,growth_unaffordable,103
246,financial,59,0,0,59,0,growth_unaffordable,56
246,healthcare,23,0,0,24,1,growth_unaffordable,20
246,logistics,23,0,0,25,0,growth_unaffordable,23
246,manufacturing,24,0,0,24,0,growth_unaffordable,20
246,media,25,0,0,25,0,growth_unaffordable,23
246,real_estate,23,0,0,23,0,growth_unaffordable,21
246,retail,25,1,0.04,25,1,growth_unaffordable,23
246,technology,24,0,0,25,0,growth_unaffordable,21
246,telecommunications,22,0,0,24,1,growth_unaffordable,20
247,agriculture,27,0,0,27,0,growth_unaffordable,26
247,automobiles,25,0,0,25,0,growth_unaffordable,23
247,chemical_industries,25,0,0,25,0,growth_unaffordable,19
247,construction,20,0,0,22,0,growth_unaffordable,15
247,defense,26,0,0,26,0,growth_unaffordable,22
247,energy,26,1,0.038461538461538464,26,0,growth_unaffordable,20
247,entertainment,21,0,0,23,2,growth_unaffordable,20
247,extraction,129,3,0.023255813953488372,130,3,growth_unaffordable,98
247,financial,59,0,0,59,0,growth_unaffordable,51
247,healthcare,23,0,0,24,1,growth_unaffordable,21
247,logistics,23,0,0,25,0,growth_unaffordable,22
247,manufacturing,24,0,0,24,0,growth_unaffordable,17
247,media,25,0,0,25,0,growth_unaffordable,22
247,real_estate,23,0,0,23,0,growth_unaffordable,19
247,retail,25,1,0.04,25,1,growth_unaffordable,21
247,technology,24,0,0,25,0,growth_unaffordable,22
247,telecommunications,22,0,0,23,0,growth_unaffordable,18
248,agriculture,27,1,0.037037037037037035,27,0,growth_unaffordable,25
248,automobiles,25,0,0,25,0,growth_unaffordable,20
248,chemical_industries,25,0,0,25,0,growth_unaffordable,20
248,construction,20,0,0,22,0,growth_unaffordable,15
248,defense,26,0,0,26,0,growth_unaffordable,21
248,energy,26,1,0.038461538461538464,26,1,growth_unaffordable,20
248,entertainment,21,0,0,23,2,growth_unaffordable,20
248,extraction,129,3,0.023255813953488372,130,3,growth_unaffordable,97
248,financial,59,0,0,59,0,growth_unaffordable,56
248,healthcare,23,0,0,24,1,growth_unaffordable,23
248,logistics,23,0,0,25,0,growth_unaffordable,24
248,manufacturing,24,0,0,24,0,growth_unaffordable,15
248,media,25,0,0,25,0,growth_unaffordable,23
248,real_estate,23,1,0.043478260869565216,23,0,growth_unaffordable,18
248,retail,25,1,0.04,25,1,growth_unaffordable,22
248,technology,24,0,0,25,1,growth_unaffordable,23
248,telecommunications,22,0,0,23,0,growth_unaffordable,17
249,agriculture,27,1,0.037037037037037035,27,1,growth_unaffordable,24
249,automobiles,25,0,0,25,0,growth_unaffordable,19
249,chemical_industries,25,0,0,25,0,growth_unaffordable,22
249,construction,20,0,0,22,0,growth_unaffordable,16
249,defense,26,0,0,26,0,growth_unaffordable,20
249,energy,26,0,0,26,1,growth_unaffordable,21
249,entertainment,21,0,0,23,2,growth_unaffordable,16
249,extraction,129,3,0.023255813953488372,130,3,growth_unaffordable,92
249,financial,59,1,0.01694915254237288,59,0,growth_unaffordable,53
249,healthcare,23,0,0,24,1,growth_unaffordable,21
249,logistics,23,0,0,24,0,growth_unaffordable,22
249,manufacturing,24,0,0,24,0,growth_unaffordable,16
249,media,25,0,0,25,0,growth_unaffordable,19
249,real_estate,23,1,0.043478260869565216,23,1,growth_unaffordable,20
249,retail,25,0,0,25,0,growth_unaffordable,20
249,technology,24,0,0,25,1,growth_unaffordable,22
249,telecommunications,22,0,0,23,0,growth_unaffordable,17
250,agriculture,27,1,0.037037037037037035,27,1,growth_unaffordable,24
250,automobiles,25,0,0,25,0,growth_unaffordable,20
250,chemical_industries,25,0,0,25,0,growth_unaffordable,20
250,construction,20,0,0,22,0,growth_unaffordable,16
250,defense,26,0,0,26,0,growth_unaffordable,24
250,energy,26,0,0,26,0,growth_unaffordable,21
250,entertainment,21,0,0,23,2,growth_unaffordable,21
250,extraction,129,3,0.023255813953488372,130,3,growth_unaffordable,96
250,financial,59,1,0.01694915254237288,59,1,growth_unaffordable,53
250,healthcare,23,0,0,24,1,growth_unaffordable,18
250,logistics,23,0,0,24,0,growth_unaffordable,21
250,manufacturing,24,0,0,24,0,growth_unaffordable,19
250,media,25,0,0,25,0,growth_unaffordable,20
250,real_estate,23,0,0,23,0,growth_unaffordable,20
250,retail,25,0,0,25,0,growth_unaffordable,17
250,technology,24,0,0,25,1,growth_unaffordable,22
250,telecommunications,22,0,0,23,0,growth_unaffordable,17
251,agriculture,27,1,0.037037037037037035,27,1,growth_unaffordable,22
251,automobiles,25,0,0,25,0,growth_unaffordable,17
251,chemical_industries,25,0,0,25,0,growth_unaffordable,18
251,construction,20,1,0.05,22,0,growth_unaffordable,13
251,defense,26,0,0,26,0,growth_unaffordable,22
251,energy,26,0,0,26,0,growth_unaffordable,20
251,entertainment,21,0,0,23,2,growth_unaffordable,21
251,extraction,129,3,0.023255813953488372,130,3,growth_unaffordable,101
251,financial,59,1,0.01694915254237288,59,1,growth_unaffordable,51
251,healthcare,23,0,0,24,1,growth_unaffordable,20
251,logistics,23,0,0,23,0,growth_unaffordable,22
251,manufacturing,24,0,0,24,0,growth_unaffordable,15
251,media,25,0,0,25,0,growth_unaffordable,21
251,real_estate,23,0,0,23,0,growth_unaffordable,21
251,retail,25,0,0,25,0,growth_unaffordable,20
251,technology,24,0,0,25,1,growth_unaffordable,20
251,telecommunications,22,0,0,22,0,growth_unaffordable,15
252,agriculture,27,1,0.037037037037037035,27,1,growth_unaffordable,24
252,automobiles,25,0,0,25,0,growth_unaffordable,19
252,chemical_industries,25,1,0.04,25,0,growth_unaffordable,21
252,construction,20,1,0.05,22,1,growth_unaffordable,14
252,defense,26,0,0,26,0,growth_unaffordable,22
252,energy,26,0,0,26,0,growth_unaffordable,18
252,entertainment,21,0,0,23,2,growth_unaffordable,21
252,extraction,129,4,0.031007751937984496,130,3,growth_unaffordable,94
252,financial,59,1,0.01694915254237288,59,1,growth_unaffordable,52
252,healthcare,23,0,0,24,1,growth_unaffordable,20
252,logistics,23,0,0,23,0,growth_unaffordable,18
252,manufacturing,24,0,0,24,0,growth_unaffordable,17
252,media,25,0,0,25,0,growth_unaffordable,24
252,real_estate,23,0,0,23,0,growth_unaffordable,19
252,retail,25,0,0,25,0,growth_unaffordable,21
252,technology,24,0,0,25,1,growth_unaffordable,20
252,telecommunications,22,0,0,22,0,growth_unaffordable,17
253,agriculture,27,1,0.037037037037037035,27,1,growth_unaffordable,23
253,automobiles,25,0,0,25,0,growth_unaffordable,22
253,chemical_industries,25,1,0.04,25,1,growth_unaffordable,24
253,construction,20,1,0.05,22,1,growth_unaffordable,18
253,defense,26,1,0.038461538461538464,26,0,growth_unaffordable,21
253,energy,26,0,0,26,0,growth_unaffordable,20
253,entertainment,21,0,0,21,0,growth_unaffordable,19
253,extraction,129,4,0.031007751937984496,130,4,growth_unaffordable,99
253,financial,59,1,0.01694915254237288,59,1,growth_unaffordable,54
253,healthcare,23,0,0,24,1,growth_unaffordable,22
253,logistics,23,0,0,23,0,growth_unaffordable,22
253,manufacturing,24,0,0,24,0,growth_unaffordable,17
253,media,25,0,0,25,0,growth_unaffordable,23
253,real_estate,23,0,0,23,0,growth_unaffordable,20
253,retail,25,0,0,25,0,growth_unaffordable,23
253,technology,24,0,0,25,1,growth_unaffordable,23
253,telecommunications,22,0,0,22,0,growth_unaffordable,17
254,agriculture,27,1,0.037037037037037035,27,1,growth_unaffordable,23
254,automobiles,25,0,0,25,0,growth_unaffordable,22
254,chemical_industries,25,1,0.04,25,1,growth_unaffordable,23
254,construction,20,0,0,22,1,growth_unaffordable,16
254,defense,26,1,0.038461538461538464,26,1,growth_unaffordable,22
254,energy,26,0,0,26,0,growth_unaffordable,21
254,entertainment,21,0,0,21,0,growth_unaffordable,19
254,extraction,129,5,0.03875968992248062,129,4,growth_unaffordable,102
254,financial,59,1,0.01694915254237288,59,1,growth_unaffordable,54
254,healthcare,23,0,0,24,1,growth_unaffordable,22
254,logistics,23,0,0,23,0,growth_unaffordable,22
254,manufacturing,24,0,0,24,0,growth_unaffordable,19
254,media,25,0,0,25,0,growth_unaffordable,22
254,real_estate,23,0,0,23,0,growth_unaffordable,17
254,retail,25,0,0,25,0,growth_unaffordable,18
254,technology,24,0,0,25,1,growth_unaffordable,24
254,telecommunications,22,0,0,22,0,growth_unaffordable,17
255,agriculture,27,1,0.037037037037037035,27,1,growth_unaffordable,25
255,automobiles,25,0,0,25,0,growth_unaffordable,22
255,chemical_industries,25,1,0.04,25,1,growth_unaffordable,23
255,construction,20,0,0,21,0,growth_unaffordable,15
255,defense,26,2,0.07692307692307693,26,1,growth_unaffordable,22
255,energy,26,0,0,26,0,growth_unaffordable,22
255,entertainment,21,0,0,21,0,growth_unaffordable,16
255,extraction,129,6,0.046511627906976744,129,5,growth_unaffordable,95
255,financial,59,1,0.01694915254237288,59,1,growth_unaffordable,56
255,healthcare,23,1,0.043478260869565216,24,1,growth_unaffordable,20
255,logistics,23,0,0,23,0,growth_unaffordable,23
255,manufacturing,24,1,0.041666666666666664,24,0,growth_unaffordable,15
255,media,25,0,0,25,0,growth_unaffordable,23
255,real_estate,23,0,0,23,0,growth_unaffordable,21
255,retail,25,0,0,25,0,growth_unaffordable,20
255,technology,24,0,0,25,1,growth_unaffordable,23
255,telecommunications,22,0,0,22,0,growth_unaffordable,17
256,agriculture,27,1,0.037037037037037035,27,1,growth_unaffordable,23
256,automobiles,25,0,0,25,0,growth_unaffordable,23
256,chemical_industries,25,1,0.04,25,1,growth_unaffordable,21
256,construction,20,0,0,21,0,growth_unaffordable,15
256,defense,26,2,0.07692307692307693,26,2,growth_unaffordable,24
256,energy,26,0,0,26,0,growth_unaffordable,20
256,entertainment,21,0,0,21,0,growth_unaffordable,19
256,extraction,129,5,0.03875968992248062,129,6,growth_unaffordable,99
256,financial,59,1,0.01694915254237288,59,1,growth_unaffordable,56
256,healthcare,23,1,0.043478260869565216,24,2,growth_unaffordable,21
256,logistics,23,0,0,23,0,growth_unaffordable,21
256,manufacturing,24,1,0.041666666666666664,24,1,growth_unaffordable,17
256,media,25,0,0,25,0,growth_unaffordable,23
256,real_estate,23,0,0,23,0,growth_unaffordable,21
256,retail,25,0,0,25,0,growth_unaffordable,21
256,technology,24,0,0,25,1,growth_unaffordable,22
256,telecommunications,22,0,0,22,0,growth_unaffordable,18
257,agriculture,27,1,0.037037037037037035,27,1,growth_unaffordable,24
257,automobiles,25,0,0,25,0,growth_unaffordable,22
257,chemical_industries,25,1,0.04,25,1,growth_unaffordable,22
257,construction,20,0,0,21,0,growth_unaffordable,14
257,defense,26,2,0.07692307692307693,26,2,growth_unaffordable,22
257,energy,26,0,0,26,0,growth_unaffordable,20
257,entertainment,21,0,0,21,0,growth_unaffordable,19
257,extraction,129,4,0.031007751937984496,129,4,growth_unaffordable,101
257,financial,59,1,0.01694915254237288,59,1,growth_unaffordable,56
257,healthcare,23,1,0.043478260869565216,24,2,growth_unaffordable,20
257,logistics,23,0,0,23,0,growth_unaffordable,21
257,manufacturing,24,1,0.041666666666666664,24,1,growth_unaffordable,19
257,media,25,0,0,25,0,growth_unaffordable,24
257,real_estate,23,0,0,23,0,growth_unaffordable,20
257,retail,25,1,0.04,25,0,growth_unaffordable,24
257,technology,24,0,0,25,1,growth_unaffordable,23
257,telecommunications,22,0,0,22,0,growth_unaffordable,18
258,agriculture,27,1,0.037037037037037035,27,1,growth_unaffordable,22
258,automobiles,25,0,0,25,0,growth_unaffordable,20
258,chemical_industries,25,1,0.04,25,1,growth_unaffordable,19
258,construction,20,0,0,21,0,growth_unaffordable,13
258,defense,26,2,0.07692307692307693,26,2,growth_unaffordable,24
258,energy,26,0,0,26,0,growth_unaffordable,18
258,entertainment,21,0,0,21,0,growth_unaffordable,20
258,extraction,129,3,0.023255813953488372,129,3,growth_unaffordable,100
258,financial,59,1,0.01694915254237288,59,1,growth_unaffordable,55
258,healthcare,23,1,0.043478260869565216,24,2,growth_unaffordable,18
258,logistics,23,0,0,23,0,growth_unaffordable,20
258,manufacturing,24,1,0.041666666666666664,24,1,growth_unaffordable,15
258,media,25,0,0,25,0,growth_unaffordable,21
258,real_estate,23,0,0,23,0,growth_unaffordable,20
258,retail,25,1,0.04,25,1,growth_unaffordable,20
258,technology,24,0,0,25,1,growth_unaffordable,22
258,telecommunications,22,0,0,22,0,growth_unaffordable,15
259,agriculture,27,1,0.037037037037037035,27,1,growth_unaffordable,23
259,automobiles,25,0,0,25,0,growth_unaffordable,22
259,chemical_industries,25,1,0.04,25,1,growth_unaffordable,21
259,construction,20,1,0.05,21,0,growth_unaffordable,14
259,defense,26,2,0.07692307692307693,26,2,growth_unaffordable,21
259,energy,26,0,0,26,0,growth_unaffordable,19
259,entertainment,21,0,0,21,0,growth_unaffordable,20
259,extraction,129,4,0.031007751937984496,129,3,growth_unaffordable,101
259,financial,59,1,0.01694915254237288,59,1,growth_unaffordable,55
259,healthcare,23,1,0.043478260869565216,24,2,growth_unaffordable,20
259,logistics,23,0,0,23,0,growth_unaffordable,22
259,manufacturing,24,1,0.041666666666666664,24,1,growth_unaffordable,18
259,media,25,0,0,25,0,growth_unaffordable,23
259,real_estate,23,0,0,23,0,growth_unaffordable,20
259,retail,25,1,0.04,25,1,growth_unaffordable,21
259,technology,24,0,0,25,1,growth_unaffordable,24
259,telecommunications,22,0,0,22,0,growth_unaffordable,15
260,agriculture,27,0,0,27,1,growth_unaffordable,24
260,automobiles,25,0,0,25,0,growth_unaffordable,21
260,chemical_industries,25,1,0.04,25,1,growth_unaffordable,22
260,construction,20,1,0.05,20,1,growth_unaffordable,13
260,defense,26,2,0.07692307692307693,26,2,growth_unaffordable,24
260,energy,26,1,0.038461538461538464,26,0,growth_unaffordable,21
260,entertainment,21,0,0,21,0,growth_unaffordable,18
260,extraction,129,3,0.023255813953488372,129,3,growth_unaffordable,92
260,financial,59,1,0.01694915254237288,59,1,growth_unaffordable,52
260,healthcare,23,1,0.043478260869565216,24,2,growth_unaffordable,23
260,logistics,23,0,0,23,0,growth_unaffordable,21
260,manufacturing,24,1,0.041666666666666664,24,1,growth_unaffordable,17
260,media,25,0,0,25,0,growth_unaffordable,20
260,real_estate,23,0,0,23,0,growth_unaffordable,20
260,retail,25,2,0.08,25,1,growth_unaffordable,18
260,technology,24,0,0,25,1,growth_unaffordable,24
260,telecommunications,22,0,0,22,0,growth_unaffordable,15
261,agriculture,27,0,0,27,0,growth_unaffordable,23
261,automobiles,25,0,0,25,0,growth_unaffordable,20
261,chemical_industries,25,1,0.04,25,1,growth_unaffordable,23
261,construction,20,1,0.05,20,1,growth_unaffordable,15
261,defense,26,3,0.11538461538461539,26,2,growth_unaffordable,23
261,energy,26,1,0.038461538461538464,26,1,growth_unaffordable,21
261,entertainment,21,1,0.047619047619047616,21,0,growth_unaffordable,19
261,extraction,129,3,0.023255813953488372,129,3,growth_unaffordable,92
261,financial,59,1,0.01694915254237288,59,1,growth_unaffordable,53
261,healthcare,23,1,0.043478260869565216,24,2,growth_unaffordable,23
261,logistics,23,0,0,23,0,growth_unaffordable,22
261,manufacturing,24,2,0.08333333333333333,24,1,growth_unaffordable,15
261,media,25,0,0,25,0,growth_unaffordable,22
261,real_estate,23,0,0,23,0,growth_unaffordable,23
261,retail,25,2,0.08,25,2,growth_unaffordable,23
261,technology,24,0,0,25,1,growth_unaffordable,24
261,telecommunications,22,0,0,22,0,growth_unaffordable,18
262,agriculture,27,0,0,27,0,growth_unaffordable,23
262,automobiles,25,0,0,25,0,growth_unaffordable,21
262,chemical_industries,25,1,0.04,25,1,growth_unaffordable,20
262,construction,20,2,0.1,20,1,growth_unaffordable,14
262,defense,26,3,0.11538461538461539,26,3,growth_unaffordable,23
262,energy,26,1,0.038461538461538464,26,1,growth_unaffordable,20
262,entertainment,21,1,0.047619047619047616,21,1,growth_unaffordable,18
262,extraction,129,2,0.015503875968992248,129,2,growth_unaffordable,91
262,financial,59,1,0.01694915254237288,59,1,growth_unaffordable,55
262,healthcare,23,1,0.043478260869565216,24,2,growth_unaffordable,20
262,logistics,23,0,0,23,0,growth_unaffordable,20
262,manufacturing,24,2,0.08333333333333333,24,2,growth_unaffordable,16
262,media,25,0,0,25,0,growth_unaffordable,23
262,real_estate,23,0,0,23,0,growth_unaffordable,21
262,retail,25,2,0.08,25,2,growth_unaffordable,20
262,technology,24,0,0,25,1,growth_unaffordable,23
262,telecommunications,22,0,0,22,0,growth_unaffordable,17
263,agriculture,27,0,0,27,0,growth_unaffordable,25
263,automobiles,25,0,0,25,0,growth_unaffordable,22
263,chemical_industries,25,1,0.04,25,1,growth_unaffordable,20
263,construction,20,1,0.05,20,2,growth_unaffordable,13
263,defense,26,3,0.11538461538461539,26,3,growth_unaffordable,24
263,energy,26,1,0.038461538461538464,26,1,growth_unaffordable,21
263,entertainment,21,1,0.047619047619047616,21,1,growth_unaffordable,18
263,extraction,129,1,0.007751937984496124,129,1,growth_unaffordable,95
263,financial,59,0,0,59,0,growth_unaffordable,52
263,healthcare,23,1,0.043478260869565216,24,2,growth_unaffordable,21
263,logistics,23,0,0,23,0,growth_unaffordable,21
263,manufacturing,24,2,0.08333333333333333,24,2,growth_unaffordable,15
263,media,25,0,0,25,0,growth_unaffordable,23
263,real_estate,23,0,0,23,0,growth_unaffordable,18
263,retail,25,2,0.08,25,2,growth_unaffordable,21
263,technology,24,0,0,25,1,growth_unaffordable,22
263,telecommunications,22,1,0.045454545454545456,22,0,growth_unaffordable,16
264,agriculture,27,0,0,27,0,growth_unaffordable,22
264,automobiles,25,0,0,25,0,growth_unaffordable,23
264,chemical_industries,25,2,0.08,25,1,growth_unaffordable,22
264,construction,20,1,0.05,20,1,growth_unaffordable,13
264,defense,26,3,0.11538461538461539,26,3,growth_unaffordable,22
264,energy,26,1,0.038461538461538464,26,1,growth_unaffordable,18
264,entertainment,21,0,0,21,1,growth_unaffordable,19
264,extraction,129,2,0.015503875968992248,129,1,growth_unaffordable,98
264,financial,59,0,0,59,0,growth_unaffordable,52
264,healthcare,23,1,0.043478260869565216,24,2,growth_unaffordable,19
264,logistics,23,0,0,23,0,growth_unaffordable,20
264,manufacturing,24,2,0.08333333333333333,24,2,growth_unaffordable,13
264,media,25,0,0,25,0,growth_unaffordable,20
264,real_estate,23,0,0,23,0,growth_unaffordable,20
264,retail,25,2,0.08,25,2,growth_unaffordable,24
264,technology,24,0,0,25,1,growth_unaffordable,22
264,telecommunications,22,1,0.045454545454545456,22,1,growth_unaffordable,18
265,agriculture,27,0,0,27,0,growth_unaffordable,23
265,automobiles,25,0,0,25,0,growth_unaffordable,22
265,chemical_industries,25,2,0.08,25,2,growth_unaffordable,21
265,construction,20,1,0.05,20,1,growth_unaffordable,14
265,defense,26,3,0.11538461538461539,26,3,growth_unaffordable,20
265,energy,26,1,0.038461538461538464,26,1,growth_unaffordable,18
265,entertainment,21,0,0,21,0,growth_unaffordable,19
265,extraction,129,2,0.015503875968992248,129,2,growth_unaffordable,90
265,financial,59,0,0,59,0,growth_unaffordable,47
265,healthcare,23,1,0.043478260869565216,24,2,growth_unaffordable,19
265,logistics,23,0,0,23,0,growth_unaffordable,20
265,manufacturing,24,2,0.08333333333333333,24,2,growth_unaffordable,16
265,media,25,0,0,25,0,growth_unaffordable,20
265,real_estate,23,1,0.043478260869565216,23,0,growth_unaffordable,16
265,retail,25,2,0.08,25,2,growth_unaffordable,22
265,technology,24,0,0,25,1,growth_unaffordable,21
265,telecommunications,22,1,0.045454545454545456,22,1,growth_unaffordable,15
266,agriculture,27,0,0,27,0,growth_unaffordable,23
266,automobiles,25,0,0,25,0,growth_unaffordable,20
266,chemical_industries,25,2,0.08,25,2,growth_unaffordable,18
266,construction,20,1,0.05,20,1,growth_unaffordable,13
266,defense,26,4,0.15384615384615385,26,3,growth_unaffordable,23
266,energy,26,1,0.038461538461538464,26,1,growth_unaffordable,20
266,entertainment,21,1,0.047619047619047616,21,0,growth_unaffordable,18
266,extraction,129,2,0.015503875968992248,129,2,growth_unaffordable,97
266,financial,59,0,0,59,0,growth_unaffordable,52
266,healthcare,23,1,0.043478260869565216,24,2,growth_unaffordable,21
266,logistics,23,0,0,23,0,growth_unaffordable,20
266,manufacturing,24,2,0.08333333333333333,24,2,growth_unaffordable,16
266,media,25,0,0,25,0,growth_unaffordable,23
266,real_estate,23,1,0.043478260869565216,23,1,growth_unaffordable,19
266,retail,25,2,0.08,25,2,growth_unaffordable,22
266,technology,24,0,0,25,1,growth_unaffordable,22
266,telecommunications,22,1,0.045454545454545456,22,1,growth_unaffordable,16
267,agriculture,27,0,0,27,0,growth_unaffordable,22
267,automobiles,25,0,0,25,0,growth_unaffordable,22
267,chemical_industries,25,1,0.04,25,2,growth_unaffordable,22
267,construction,20,1,0.05,20,1,growth_unaffordable,14
267,defense,26,3,0.11538461538461539,26,4,growth_unaffordable,22
267,energy,26,1,0.038461538461538464,26,1,growth_unaffordable,19
267,entertainment,21,2,0.09523809523809523,21,1,growth_unaffordable,17
267,extraction,129,2,0.015503875968992248,129,2,growth_unaffordable,101
267,financial,59,0,0,59,0,growth_unaffordable,51
267,healthcare,23,1,0.043478260869565216,24,2,growth_unaffordable,20
267,logistics,23,0,0,23,0,growth_unaffordable,22
267,manufacturing,24,2,0.08333333333333333,24,2,growth_unaffordable,19
267,media,25,0,0,25,0,growth_unaffordable,22
267,real_estate,23,0,0,23,1,growth_unaffordable,20
267,retail,25,2,0.08,25,2,growth_unaffordable,20
267,technology,24,0,0,25,1,growth_unaffordable,22
267,telecommunications,22,2,0.09090909090909091,22,1,growth_unaffordable,16
268,agriculture,27,0,0,27,0,growth_unaffordable,24
268,automobiles,25,0,0,25,0,growth_unaffordable,21
268,chemical_industries,25,1,0.04,25,1,growth_unaffordable,20
268,construction,20,1,0.05,20,1,growth_unaffordable,14
268,defense,26,3,0.11538461538461539,26,3,growth_unaffordable,24
268,energy,26,1,0.038461538461538464,26,1,growth_unaffordable,21
268,entertainment,21,2,0.09523809523809523,21,2,growth_unaffordable,19
268,extraction,129,2,0.015503875968992248,129,2,growth_unaffordable,100
268,financial,59,0,0,59,0,growth_unaffordable,55
268,healthcare,23,1,0.043478260869565216,24,2,growth_unaffordable,21
268,logistics,23,0,0,23,0,growth_unaffordable,20
268,manufacturing,24,2,0.08333333333333333,24,2,growth_unaffordable,19
268,media,25,0,0,25,0,growth_unaffordable,21
268,real_estate,23,1,0.043478260869565216,23,0,growth_unaffordable,20
268,retail,25,1,0.04,25,1,growth_unaffordable,21
268,technology,24,0,0,25,1,growth_unaffordable,23
268,telecommunications,22,3,0.13636363636363635,22,2,growth_unaffordable,16
269,agriculture,27,0,0,27,0,growth_unaffordable,25
269,automobiles,25,0,0,25,0,growth_unaffordable,22
269,chemical_industries,25,0,0,25,0,growth_unaffordable,21
269,construction,20,1,0.05,20,1,growth_unaffordable,17
269,defense,26,3,0.11538461538461539,26,3,growth_unaffordable,24
269,energy,26,1,0.038461538461538464,26,1,growth_unaffordable,20
269,entertainment,21,2,0.09523809523809523,21,2,growth_unaffordable,20
269,extraction,129,2,0.015503875968992248,129,2,growth_unaffordable,113
269,financial,59,0,0,59,0,growth_unaffordable,56
269,healthcare,23,1,0.043478260869565216,24,2,growth_unaffordable,23
269,logistics,23,0,0,23,0,growth_unaffordable,21
269,manufacturing,24,2,0.08333333333333333,24,2,growth_unaffordable,19
269,media,25,0,0,25,0,growth_unaffordable,22
269,real_estate,23,1,0.043478260869565216,23,1,growth_unaffordable,21
269,retail,25,1,0.04,25,1,growth_unaffordable,24
269,technology,24,0,0,25,1,growth_unaffordable,23
269,telecommunications,22,3,0.13636363636363635,22,3,growth_unaffordable,20
270,agriculture,27,0,0,27,0,growth_unaffordable,26
270,automobiles,25,0,0,25,0,growth_unaffordable,24
270,chemical_industries,25,0,0,25,0,growth_unaffordable,24
270,construction,20,1,0.05,20,1,growth_unaffordable,16
270,defense,26,3,0.11538461538461539,26,3,growth_unaffordable,23
270,energy,26,1,0.038461538461538464,26,1,growth_unaffordable,22
270,entertainment,21,2,0.09523809523809523,21,2,growth_unaffordable,21
270,extraction,129,2,0.015503875968992248,129,2,growth_unaffordable,107
270,financial,59,0,0,59,0,growth_unaffordable,57
270,healthcare,23,1,0.043478260869565216,24,2,growth_unaffordable,23
270,logistics,23,0,0,23,0,growth_unaffordable,21
270,manufacturing,24,2,0.08333333333333333,24,2,growth_unaffordable,18
270,media,25,0,0,25,0,growth_unaffordable,24
270,real_estate,23,1,0.043478260869565216,23,1,growth_unaffordable,22
270,retail,25,1,0.04,25,1,growth_unaffordable,24
270,technology,24,0,0,25,1,growth_unaffordable,23
270,telecommunications,22,3,0.13636363636363635,22,3,growth_unaffordable,20
271,agriculture,27,1,0.037037037037037035,27,0,growth_unaffordable,25
271,automobiles,25,1,0.04,25,0,growth_unaffordable,23
271,chemical_industries,25,0,0,25,0,growth_unaffordable,23
271,construction,20,2,0.1,20,1,growth_unaffordable,16
271,defense,26,3,0.11538461538461539,26,3,growth_unaffordable,24
271,energy,26,1,0.038461538461538464,26,1,growth_unaffordable,22
271,entertainment,21,2,0.09523809523809523,21,2,growth_unaffordable,19
271,extraction,129,2,0.015503875968992248,129,2,growth_unaffordable,97
271,financial,59,0,0,59,0,growth_unaffordable,56
271,healthcare,23,1,0.043478260869565216,24,2,growth_unaffordable,23
271,logistics,23,0,0,23,0,growth_unaffordable,22
271,manufacturing,24,2,0.08333333333333333,24,2,growth_unaffordable,20
271,media,25,0,0,25,0,growth_unaffordable,23
271,real_estate,23,0,0,23,0,growth_unaffordable,20
271,retail,25,1,0.04,25,1,growth_unaffordable,20
271,technology,24,0,0,25,1,growth_unaffordable,24
271,telecommunications,22,3,0.13636363636363635,22,3,growth_unaffordable,18
272,agriculture,27,1,0.037037037037037035,27,1,growth_unaffordable,22
272,automobiles,25,1,0.04,25,1,growth_unaffordable,18
272,chemical_industries,25,0,0,25,0,growth_unaffordable,20
272,construction,20,1,0.05,20,2,growth_unaffordable,13
272,defense,26,3,0.11538461538461539,26,3,growth_unaffordable,22
272,energy,26,1,0.038461538461538464,26,1,growth_unaffordable,19
272,entertainment,21,2,0.09523809523809523,21,2,growth_unaffordable,19
272,extraction,129,1,0.007751937984496124,129,2,growth_unaffordable,81
272,financial,59,0,0,59,0,growth_unaffordable,49
272,healthcare,23,1,0.043478260869565216,24,2,growth_unaffordable,17
272,logistics,23,0,0,23,0,growth_unaffordable,17
272,manufacturing,24,2,0.08333333333333333,24,2,growth_unaffordable,15
272,media,25,0,0,25,0,growth_unaffordable,22
272,real_estate,23,0,0,23,0,growth_unaffordable,15
272,retail,25,1,0.04,25,1,growth_unaffordable,18
272,technology,24,0,0,25,1,growth_unaffordable,19
272,telecommunications,22,2,0.09090909090909091,22,3,growth_unaffordable,13
273,agriculture,27,1,0.037037037037037035,27,1,growth_unaffordable,18
273,automobiles,25,1,0.04,25,1,growth_unaffordable,18
273,chemical_industries,25,0,0,25,0,growth_unaffordable,17
273,construction,20,1,0.05,20,1,growth_unaffordable,12
273,defense,26,4,0.15384615384615385,26,3,growth_unaffordable,20
273,energy,26,1,0.038461538461538464,26,1,growth_unaffordable,18
273,entertainment,21,2,0.09523809523809523,21,2,growth_unaffordable,16
273,extraction,129,3,0.023255813953488372,129,1,growth_unaffordable,84
273,financial,59,0,0,59,0,growth_unaffordable,50
273,healthcare,23,1,0.043478260869565216,24,2,growth_unaffordable,18
273,logistics,23,0,0,23,0,growth_unaffordable,19
273,manufacturing,24,2,0.08333333333333333,24,2,growth_unaffordable,17
273,media,25,0,0,25,0,growth_unaffordable,17
273,real_estate,23,0,0,23,0,growth_unaffordable,17
273,retail,25,0,0,25,0,growth_unaffordable,18
273,technology,24,0,0,25,1,growth_unaffordable,22
273,telecommunications,22,2,0.09090909090909091,22,2,growth_unaffordable,14
274,agriculture,27,1,0.037037037037037035,27,1,growth_unaffordable,20
274,automobiles,25,1,0.04,25,1,growth_unaffordable,20
274,chemical_industries,25,0,0,25,0,growth_unaffordable,21
274,construction,20,1,0.05,20,1,growth_unaffordable,13
274,defense,26,3,0.11538461538461539,26,4,growth_unaffordable,23
274,energy,26,1,0.038461538461538464,26,1,growth_unaffordable,21
274,entertainment,21,2,0.09523809523809523,21,2,growth_unaffordable,19
274,extraction,129,2,0.015503875968992248,129,3,growth_unaffordable,92
274,financial,59,0,0,59,0,growth_unaffordable,55
274,healthcare,23,1,0.043478260869565216,24,2,growth_unaffordable,22
274,logistics,23,0,0,23,0,growth_unaffordable,19
274,manufacturing,24,2,0.08333333333333333,24,2,growth_unaffordable,19
274,media,25,0,0,25,0,growth_unaffordable,21
274,real_estate,23,0,0,23,0,growth_unaffordable,21
274,retail,25,0,0,25,0,growth_unaffordable,20
274,technology,24,0,0,25,1,growth_unaffordable,24
274,telecommunications,22,2,0.09090909090909091,22,2,growth_unaffordable,19
275,agriculture,27,1,0.037037037037037035,27,1,growth_unaffordable,24
275,automobiles,25,1,0.04,25,1,growth_unaffordable,22
275,chemical_industries,25,0,0,25,0,growth_unaffordable,23
275,construction,20,1,0.05,20,1,growth_unaffordable,15
275,defense,26,4,0.15384615384615385,26,3,growth_unaffordable,24
275,energy,26,1,0.038461538461538464,26,1,growth_unaffordable,24
275,entertainment,21,2,0.09523809523809523,21,2,growth_unaffordable,20
275,extraction,129,2,0.015503875968992248,129,2,growth_unaffordable,102
275,financial,59,0,0,59,0,growth_unaffordable,55
275,healthcare,23,1,0.043478260869565216,23,1,growth_unaffordable,23
275,logistics,23,0,0,23,0,growth_unaffordable,21
275,manufacturing,24,2,0.08333333333333333,24,2,growth_unaffordable,21
275,media,25,0,0,25,0,growth_unaffordable,23
275,real_estate,23,0,0,23,0,growth_unaffordable,22
275,retail,25,0,0,25,0,growth_unaffordable,22
275,technology,24,0,0,25,1,growth_unaffordable,23
275,telecommunications,22,2,0.09090909090909091,22,2,growth_unaffordable,20
276,agriculture,27,1,0.037037037037037035,27,1,growth_unaffordable,23
276,automobiles,25,1,0.04,25,1,growth_unaffordable,23
276,chemical_industries,25,0,0,25,0,growth_unaffordable,25
276,construction,20,1,0.05,20,1,growth_unaffordable,16
276,defense,26,4,0.15384615384615385,26,4,growth_unaffordable,24
276,energy,26,1,0.038461538461538464,26,1,growth_unaffordable,23
276,entertainment,21,2,0.09523809523809523,21,2,growth_unaffordable,21
276,extraction,129,3,0.023255813953488372,129,2,growth_unaffordable,103
276,financial,59,1,0.01694915254237288,59,0,growth_unaffordable,56
276,healthcare,23,1,0.043478260869565216,23,1,growth_unaffordable,23
276,logistics,23,0,0,23,0,growth_unaffordable,21
276,manufacturing,24,2,0.08333333333333333,24,2,growth_unaffordable,20
276,media,25,0,0,25,0,growth_unaffordable,23
276,real_estate,23,0,0,23,0,growth_unaffordable,22
276,retail,25,0,0,25,0,growth_unaffordable,24
276,technology,24,0,0,25,1,growth_unaffordable,23
276,telecommunications,22,2,0.09090909090909091,22,2,growth_unaffordable,20
277,agriculture,27,2,0.07407407407407407,27,1,growth_unaffordable,24
277,automobiles,25,1,0.04,25,1,growth_unaffordable,23
277,chemical_industries,25,0,0,25,0,growth_unaffordable,24
277,construction,20,1,0.05,20,1,growth_unaffordable,16
277,defense,26,4,0.15384615384615385,26,4,growth_unaffordable,25
277,energy,26,1,0.038461538461538464,26,1,growth_unaffordable,23
277,entertainment,21,2,0.09523809523809523,21,2,growth_unaffordable,20
277,extraction,129,4,0.031007751937984496,129,3,growth_unaffordable,97
277,financial,59,1,0.01694915254237288,59,1,growth_unaffordable,58
277,healthcare,23,1,0.043478260869565216,23,1,growth_unaffordable,21
277,logistics,23,0,0,23,0,growth_unaffordable,21
277,manufacturing,24,2,0.08333333333333333,24,2,growth_unaffordable,20
277,media,25,0,0,25,0,growth_unaffordable,23
277,real_estate,23,0,0,23,0,growth_unaffordable,22
277,retail,25,0,0,25,0,growth_unaffordable,22
277,technology,24,0,0,25,1,growth_unaffordable,24
277,telecommunications,22,2,0.09090909090909091,22,2,growth_unaffordable,19
278,agriculture,27,2,0.07407407407407407,27,2,growth_unaffordable,24
278,automobiles,25,1,0.04,25,1,growth_unaffordable,21
278,chemical_industries,25,0,0,25,0,growth_unaffordable,20
278,construction,20,0,0,20,1,growth_unaffordable,13
278,defense,26,4,0.15384615384615385,26,4,growth_unaffordable,23
278,energy,26,1,0.038461538461538464,26,1,growth_unaffordable,21
278,entertainment,21,1,0.047619047619047616,21,2,growth_unaffordable,21
278,extraction,129,4,0.031007751937984496,129,4,growth_unaffordable,93
278,financial,59,1,0.01694915254237288,59,1,growth_unaffordable,52
278,healthcare,23,1,0.043478260869565216,23,1,growth_unaffordable,17
278,logistics,23,0,0,23,0,growth_unaffordable,21
278,manufacturing,24,2,0.08333333333333333,24,2,growth_unaffordable,18
278,media,25,0,0,25,0,growth_unaffordable,23
278,real_estate,23,0,0,23,0,growth_unaffordable,20
278,retail,25,0,0,25,0,growth_unaffordable,22
278,technology,24,0,0,25,1,growth_unaffordable,24
278,telecommunications,22,1,0.045454545454545456,22,2,growth_unaffordable,19
279,agriculture,27,2,0.07407407407407407,27,2,growth_unaffordable,21
279,automobiles,25,0,0,25,0,growth_unaffordable,20
279,chemical_industries,25,0,0,25,0,growth_unaffordable,21
279,construction,20,0,0,20,0,growth_unaffordable,14
279,defense,26,4,0.15384615384615385,26,4,growth_unaffordable,20
279,energy,26,1,0.038461538461538464,26,1,growth_unaffordable,20
279,entertainment,21,1,0.047619047619047616,21,1,growth_unaffordable,18
279,extraction,129,5,0.03875968992248062,129,4,growth_unaffordable,89
279,financial,59,1,0.01694915254237288,59,1,growth_unaffordable,51
279,healthcare,23,1,0.043478260869565216,23,1,growth_unaffordable,20
279,logistics,23,0,0,23,0,growth_unaffordable,21
279,manufacturing,24,2,0.08333333333333333,24,2,growth_unaffordable,17
279,media,25,0,0,25,0,growth_unaffordable,22
279,real_estate,23,0,0,23,0,growth_unaffordable,17
279,retail,25,1,0.04,25,0,growth_unaffordable,20
279,technology,24,0,0,25,1,growth_unaffordable,22
279,telecommunications,22,2,0.09090909090909091,22,1,growth_unaffordable,14
